,precision,recall,f1-score,support
FAKE,0.7932551319648093,0.8614649681528662,0.8259541984732823,628.0
REAL,0.8512820512820513,0.7793427230046949,0.8137254901960785,639.0
accuracy,0.8200473559589582,0.8200473559589582,0.8200473559589582,0.8200473559589582
macro avg,0.8222685916234302,0.8204038455787805,0.8198398443346804,1267.0
weighted avg,0.8225204843276487,0.8200473559589582,0.8197867599656792,1267.0
