,precision,recall,f1-score,support
FAKE,0.8169934640522876,0.7961783439490446,0.8064516129032259,628.0
REAL,0.8045801526717558,0.8247261345852895,0.8145285935085008,639.0
accuracy,0.8105761641673244,0.8105761641673244,0.8105761641673244,0.8105761641673244
macro avg,0.8107868083620217,0.8104522392671671,0.8104901032058633,1267.0
weighted avg,0.8107329226377967,0.8105761641673244,0.8105251650790511,1267.0
